merchant_slug,first_name,last_name,email,website_url,commissions_total
nexgen-innovations,John,Doe1,john+1@example.com,www.johndoe1.com,1010.5
aquavibe-solutions,John,Doe2,john+2@example.com,www.johndoe2.com,1021.0
terragraph-technologies,John,Doe3,john+3@example.com,www.johndoe3.com,1031.5
lunatech-industries,John,Doe4,john+4@example.com,www.johndoe4.com,1042.0
sustainify-corp,John,Doe5,john+5@example.com,www.johndoe5.com,1052.5
clevercloud-services,John,Doe6,john+6@example.com,www.johndoe6.com,1063.0
urbannest-designs,John,Doe7,john+7@example.com,www.johndoe7.com,1073.5
fusionary-foods,John,Doe8,john+8@example.com,www.johndoe8.com,1084.0
zenith-health-partners,John,Doe9,john+9@example.com,www.johndoe9.com,1094.5
pixelwave-media,John,Doe10,john+10@example.com,www.johndoe10.com,1105.0
quantumsphere-dynamics,John,Doe11,john+11@example.com,www.johndoe11.com,1115.5
echoverse-studios,John,Doe12,john+12@example.com,www.johndoe12.com,1126.0
brightpath-consulting,John,Doe13,john+13@example.com,www.johndoe13.com,1136.5
truenorth-logistics,John,Doe14,john+14@example.com,www.johndoe14.com,1147.0
biosphere-innovations,John,Doe15,john+15@example.com,www.johndoe15.com,1157.5
crestwood-ventures,John,Doe16,john+16@example.com,www.johndoe16.com,1168.0
frostflare-technologies,John,Doe17,john+17@example.com,www.johndoe17.com,1178.5
solarpulse-energy,John,Doe18,john+18@example.com,www.johndoe18.com,1189.0
verdevista-agriculture,John,Doe19,john+19@example.com,www.johndoe19.com,1199.5
lighthouse-legal-group,John,Doe20,john+20@example.com,www.johndoe20.com,1210.0
cobalt-communications,John,Doe21,john+21@example.com,www.johndoe21.com,1220.5
artisan-elements,John,Doe22,john+22@example.com,www.johndoe22.com,1231.0
naturalife-labs,John,Doe23,john+23@example.com,www.johndoe23.com,1241.5
elevate-hr-solutions,John,Doe24,john+24@example.com,www.johndoe24.com,1252.0
crescendo-music-works,John,Doe25,john+25@example.com,www.johndoe25.com,1262.5
urbansync-systems,John,Doe26,john+26@example.com,www.johndoe26.com,1273.0
infusion-analytics,John,Doe27,john+27@example.com,www.johndoe27.com,1283.5
stellarsky-aerospace,John,Doe28,john+28@example.com,www.johndoe28.com,1294.0
ecotide-concepts,John,Doe29,john+29@example.com,www.johndoe29.com,1304.5
mavenhouse-realty,John,Doe30,john+30@example.com,www.johndoe30.com,1315.0
vividstep-productions,John,Doe31,john+31@example.com,www.johndoe31.com,1325.5
nextwave-technologies,John,Doe32,john+32@example.com,www.johndoe32.com,1336.0
quantumleaf-investments,John,Doe33,john+33@example.com,www.johndoe33.com,1346.5
sylvan-dynamics,John,Doe34,john+34@example.com,www.johndoe34.com,1357.0
oasis-wellness-center,John,Doe35,john+35@example.com,www.johndoe35.com,1367.5
pinnacle-software-co,John,Doe36,john+36@example.com,www.johndoe36.com,1378.0
evolve-digital-strategies,John,Doe37,john+37@example.com,www.johndoe37.com,1388.5
brightforge-studios,John,Doe38,john+38@example.com,www.johndoe38.com,1399.0
bamboo-grove-industries,John,Doe39,john+39@example.com,www.johndoe39.com,1409.5
catalyst-creatives,John,Doe40,john+40@example.com,www.johndoe40.com,1420.0
crimson-tiger-media,John,Doe41,john+41@example.com,www.johndoe41.com,1430.5
horizon-space-systems,John,Doe42,john+42@example.com,www.johndoe42.com,1441.0
prismshift-consulting,John,Doe43,john+43@example.com,www.johndoe43.com,1451.5
lush-life-organics,John,Doe44,john+44@example.com,www.johndoe44.com,1462.0
mindspark-technologies,John,Doe45,john+45@example.com,www.johndoe45.com,1472.5
radial-network-solutions,John,Doe46,john+46@example.com,www.johndoe46.com,1483.0
insightful-games,John,Doe47,john+47@example.com,www.johndoe47.com,1493.5
clearripple-communications,John,Doe48,john+48@example.com,www.johndoe48.com,1504.0
galactic-insights,John,Doe49,john+49@example.com,www.johndoe49.com,1514.5
terranova-construction,John,Doe50,john+50@example.com,www.johndoe50.com,1525.0
aetherial-design-co,John,Doe51,john+51@example.com,www.johndoe51.com,1535.5
techbloom-systems,John,Doe52,john+52@example.com,www.johndoe52.com,1546.0
summit-strategy-group,John,Doe53,john+53@example.com,www.johndoe53.com,1556.5
urban-euphoria,John,Doe54,john+54@example.com,www.johndoe54.com,1567.0
heritage-treasures,John,Doe55,john+55@example.com,www.johndoe55.com,1577.5
icicle-innovations,John,Doe56,john+56@example.com,www.johndoe56.com,1588.0
noblequest-financial,John,Doe57,john+57@example.com,www.johndoe57.com,1598.5
thrive-market-solutions,John,Doe58,john+58@example.com,www.johndoe58.com,1609.0
campfire-visuals,John,Doe59,john+59@example.com,www.johndoe59.com,1619.5
venturelink-investments,John,Doe60,john+60@example.com,www.johndoe60.com,1630.0
aspire-educational-services,John,Doe61,john+61@example.com,www.johndoe61.com,1640.5
whispering-pines-retreat,John,Doe62,john+62@example.com,www.johndoe62.com,1651.0
vortex-media-group,John,Doe63,john+63@example.com,www.johndoe63.com,1661.5
radiant-energy-technologies,John,Doe64,john+64@example.com,www.johndoe64.com,1672.0
guardian-it-services,John,Doe65,john+65@example.com,www.johndoe65.com,1682.5
echopoint-consulting,John,Doe66,john+66@example.com,www.johndoe66.com,1693.0
vital-essence-labs,John,Doe67,john+67@example.com,www.johndoe67.com,1703.5
aurahome-solutions,John,Doe68,john+68@example.com,www.johndoe68.com,1714.0
epicenter-marketing,John,Doe69,john+69@example.com,www.johndoe69.com,1724.5
sage-stone-interiors,John,Doe70,john+70@example.com,www.johndoe70.com,1735.0
fableforge-games,John,Doe71,john+71@example.com,www.johndoe71.com,1745.5
fleetwood-logistics,John,Doe72,john+72@example.com,www.johndoe72.com,1756.0
revolutionary-robotics,John,Doe73,john+73@example.com,www.johndoe73.com,1766.5
skyline-property-management,John,Doe74,john+74@example.com,www.johndoe74.com,1777.0
skyhigh-enterprises,John,Doe75,john+75@example.com,www.johndoe75.com,1787.5
mindful-mission-consulting,John,Doe76,john+76@example.com,www.johndoe76.com,1798.0
park-and-play-events,John,Doe77,john+77@example.com,www.johndoe77.com,1808.5
opencanvas-art-studio,John,Doe78,john+78@example.com,www.johndoe78.com,1819.0
velocity-sports-equipment,John,Doe79,john+79@example.com,www.johndoe79.com,1829.5
blueplanet-waste-management,John,Doe80,john+80@example.com,www.johndoe80.com,1840.0
infinite-loop-technologies,John,Doe81,john+81@example.com,www.johndoe81.com,1850.5
charisma-branding-agency,John,Doe82,john+82@example.com,www.johndoe82.com,1861.0
echofall-productions,John,Doe83,john+83@example.com,www.johndoe83.com,1871.5
starboard-financial-group,John,Doe84,john+84@example.com,www.johndoe84.com,1882.0
impulse-energy-solutions,John,Doe85,john+85@example.com,www.johndoe85.com,1892.5
jazzedup-media,John,Doe86,john+86@example.com,www.johndoe86.com,1903.0
greencrest-strategies,John,Doe87,john+87@example.com,www.johndoe87.com,1913.5
enlighten-health-solutions,John,Doe88,john+88@example.com,www.johndoe88.com,1924.0
wildwood-agritech,John,Doe89,john+89@example.com,www.johndoe89.com,1934.5
beacon-insights-group,John,Doe90,john+90@example.com,www.johndoe90.com,1945.0
pureharmony-wellness,John,Doe91,john+91@example.com,www.johndoe91.com,1955.5
evergreen-tech-solutions,John,Doe92,john+92@example.com,www.johndoe92.com,1966.0
sapphire-crafters,John,Doe93,john+93@example.com,www.johndoe93.com,1976.5
thrivespace-technologies,John,Doe94,john+94@example.com,www.johndoe94.com,1987.0
hearty-roots-organics,John,Doe95,john+95@example.com,www.johndoe95.com,1997.5
freshstart-cleaners,John,Doe96,john+96@example.com,www.johndoe96.com,2008.0
polaris-marketing-group,John,Doe97,john+97@example.com,www.johndoe97.com,2018.5
litmus-technologies,John,Doe98,john+98@example.com,www.johndoe98.com,2029.0
dynamic-horizons,John,Doe99,john+99@example.com,www.johndoe99.com,2039.5
wavelength-systems,John,Doe100,john+100@example.com,www.johndoe100.com,2050.0
